,cpu_pwr,cpu_temp,gpu_pwr,gpu_temp,timestamp
0,0.973,31.5,0.04,30.5,1612812560.32815
1,0.163,31,0.04,30,1612812561.38382
2,0.163,31,0.04,30,1612812562.44208
3,0.163,31,0.04,30,1612812563.49883
4,0.244,31,0.04,29.5,1612812564.53943
5,0.163,31,0.04,30,1612812565.59638
6,0.163,31,0.04,30,1612812566.65284
7,0.163,31,0.04,30,1612812567.7072
8,0.285,31,0.04,30,1612812568.74718
9,0.163,31,0.04,29.5,1612812569.8038
10,0.163,31,0,31.5,1612812570.86025
11,0.163,31,0,31.5,1612812571.91677
12,0.77,31,0.081,30,1612812572.95637
13,0.163,31,0,31.5,1612812574.01231
14,0.204,31,0,32,1612812575.05984
15,0.204,30.5,0,31.5,1612812576.11691
16,0.163,31,0,32,1612812577.17789
17,0.162,31,0,32,1612812578.24111
18,0.162,31,0,32,1612812579.29566
19,0.162,31,0,32,1612812580.36017
20,0.163,31,0,32,1612812581.41592
21,0.163,30.5,0,31.5,1612812582.48008
22,0.163,31,0,32,1612812583.53819
23,0.163,31,0,32,1612812584.60512
24,0.163,30.5,0,32,1612812585.66107
25,0.163,31,0,32,1612812586.71863
26,0.163,31,0,32,1612812587.7766
27,0.163,30.5,0,32,1612812588.83592
28,0.284,31,0,32,1612812589.88947
29,0.163,30.5,0,32,1612812590.94357
30,0.163,31,0,31.5,1612812592.00229
31,0.203,30.5,0,32,1612812593.05991
32,0.163,31,0,32,1612812594.11784
33,0.163,31,0,32,1612812595.17629
34,0.203,31,0,31.5,1612812596.23239
35,0.163,31,0,31.5,1612812597.29121
36,0.163,31,0,32,1612812598.34927
37,0.163,31,0,32,1612812599.41261
38,0.163,31,0.04,29.5,1612812600.46999
39,0.163,30.5,0,31.5,1612812601.52957
40,0.163,31,0,31.5,1612812602.59034
41,0.163,31,0,31.5,1612812603.64781
42,0.163,30.5,0,31.5,1612812604.70909
43,0.163,31,0,31.5,1612812605.76789
44,0.163,31,0,31.5,1612812606.82292
45,0.163,30.5,0,32,1612812607.88514
46,0.163,30.5,0,32,1612812608.94009
47,0.203,30.5,0,31.5,1612812609.99913
48,0.163,30.5,0,32,1612812611.06203
49,0.163,31,0,32,1612812612.12322
50,0.163,31,0,31.5,1612812613.18352
51,0.163,30.5,0,31.5,1612812614.24073
52,0.163,31,0,32,1612812615.29588
53,0.163,31,0,31.5,1612812616.35147
54,0.163,30.5,0,32,1612812617.41482
55,0.163,30.5,0,32,1612812618.4744
56,0.163,30.5,0,31.5,1612812619.53797
57,0.163,30.5,0,31.5,1612812620.59303
58,0.163,30.5,0,32,1612812621.65389
59,0.163,30.5,0,31.5,1612812622.71689
60,0.163,31,0,31.5,1612812623.77701
61,0.163,30.5,0,32,1612812624.83319
62,0.163,30.5,0,31.5,1612812625.89409
63,0.163,30.5,0,31.5,1612812626.95198
64,0.163,30.5,0,31.5,1612812628.01148
65,0.163,31,0,31.5,1612812629.06795
66,0.163,30.5,0,31.5,1612812630.12489
67,0.163,30.5,0,31.5,1612812631.18162
68,0.163,30.5,0,31.5,1612812632.24143
69,0.163,30.5,0,31.5,1612812633.30321
70,0.163,30.5,0,31.5,1612812634.36154
71,0.163,30.5,0,32,1612812635.41797
72,0.163,31,0,32,1612812636.47565
73,0.163,31,0,31.5,1612812637.53235
74,0.163,31,0,31.5,1612812638.59184
75,0.163,30.5,0,31.5,1612812639.65634
76,0.163,31,0,31.5,1612812640.72055
77,0.163,30.5,0,31,1612812641.77749
78,0.163,30.5,0,31.5,1612812642.83715
79,0.163,30.5,0,31.5,1612812643.8915
80,0.163,30,0,31,1612812644.9473
81,0.163,30.5,0,31.5,1612812646.0134
82,0.163,30.5,0,31.5,1612812647.07263
83,0.163,30.5,0,31.5,1612812648.12851
84,0.163,30.5,0,31.5,1612812649.19407
85,0.163,30.5,0,31.5,1612812650.2572
86,0.163,30.5,0,31.5,1612812651.31587
87,0.163,30.5,0,31.5,1612812652.37979
88,0.163,30.5,0,31.5,1612812653.44133
89,0.163,30.5,0,31.5,1612812654.50544
90,0.163,30.5,0,31.5,1612812655.56139
91,0.163,30.5,0,31.5,1612812656.62024
92,0.163,30.5,0,31.5,1612812657.68106
93,0.163,30.5,0,31.5,1612812658.7369
94,0.163,30.5,0,31.5,1612812659.79204
95,0.163,30.5,0,31.5,1612812660.84447
96,0.163,30.5,0,31.5,1612812661.90073
97,0.163,30.5,0,31.5,1612812662.95594
98,0.163,30.5,0,31.5,1612812664.01894
99,0.163,30.5,0,31.5,1612812665.07714
100,0.163,30.5,0,31.5,1612812666.13142
101,0.163,30.5,0,31.5,1612812667.1906
102,0.163,30.5,0,31.5,1612812668.25181
103,0.163,30.5,0,31.5,1612812669.30821
104,0.163,30,0,31,1612812670.36575
105,0.163,30.5,0,32,1612812671.42619
106,0.163,30.5,0,31.5,1612812672.48484
107,0.163,30.5,0,31.5,1612812673.53978
108,0.163,30.5,0,31.5,1612812674.59586
109,0.163,30.5,0,31.5,1612812675.65415
110,0.163,30.5,0,32,1612812676.71589
111,0.163,30.5,0,31.5,1612812677.7747
112,0.163,30.5,0,32,1612812678.83326
113,0.163,30,0,31.5,1612812679.89914
114,0.163,30.5,0,31.5,1612812680.96357
115,0.163,30.5,0,31.5,1612812682.02507
116,0.163,30.5,0,31.5,1612812683.08792
117,0.163,30.5,0,31.5,1612812684.14381
118,0.163,30.5,0,31.5,1612812685.20085
119,0.203,30.5,0,32,1612812686.256
120,0.163,30.5,0,31.5,1612812687.31779
121,0.163,30.5,0,31,1612812688.37722
122,0.163,30.5,0,31.5,1612812689.43726
123,0.163,30.5,0,31.5,1612812690.49701
124,0.163,31,0,31.5,1612812691.55353
125,0.163,30.5,0,31.5,1612812692.60889
126,0.163,30.5,0,31.5,1612812693.67281
127,0.163,30.5,0,31.5,1612812694.73696
128,0.163,30.5,0,31.5,1612812695.79953
129,0.163,30.5,0,31.5,1612812696.85727
130,0.163,30.5,0,31,1612812697.91326
131,0.163,31,0,31.5,1612812698.9731
132,0.163,30.5,0,31.5,1612812700.02845
133,0.163,30.5,0,31.5,1612812701.08465
134,0.163,30.5,0,31.5,1612812702.14029
135,0.163,30.5,0,31.5,1612812703.1999
136,0.203,30.5,0,31.5,1612812704.26042
137,0.163,30.5,0,31.5,1612812705.31713
138,0.163,30.5,0,31,1612812706.37855
139,0.163,30.5,0,31.5,1612812707.43144
140,0.163,30.5,0,31.5,1612812708.49216
141,0.163,30,0,31.5,1612812709.55231
142,0.163,30.5,0,31.5,1612812710.61126
143,0.163,31,0,31.5,1612812711.67553
144,0.163,30.5,0,31.5,1612812712.73607
145,0.163,30.5,0,31.5,1612812713.79207
146,0.163,30.5,0,31.5,1612812714.84912
147,0.163,30.5,0,31.5,1612812715.90888
148,0.163,30.5,0,31.5,1612812716.97184
149,0.163,30.5,0,31,1612812718.0286
150,0.163,30,0,31,1612812719.08804
151,0.203,31,0.04,29,1612812720.14494
152,0.163,30.5,0,31.5,1612812721.20092
153,0.203,30.5,0,31,1612812722.25181
154,0.163,30.5,0,31,1612812723.30788
155,0.163,30.5,0,31,1612812724.36456
156,0.163,30.5,0,31,1612812725.42075
157,0.163,30.5,0,31,1612812726.48057
158,0.163,30,0,31,1612812727.53589
159,0.163,30,0,31,1612812728.59346
160,0.204,30.5,0,31,1612812729.65537
161,0.163,30,0,31.5,1612812730.71375
162,0.163,30,0,31.5,1612812731.7729
163,0.163,30,0,31,1612812732.83424
164,0.163,30,0,31,1612812733.89224
165,0.163,30.5,0,31,1612812734.95685
166,0.163,30,0,31.5,1612812736.01307
167,0.163,30,0,31,1612812737.0752
168,0.163,30,0,31.5,1612812738.13497
169,0.163,30,0,31.5,1612812739.19316
170,0.203,30,0,31,1612812740.24727
171,0.163,30.5,0,31.5,1612812741.30519
172,0.163,30,0,31,1612812742.36089
173,0.163,30.5,0,31.5,1612812743.42093
174,0.163,30.5,0,31,1612812744.47617
175,0.163,30,0,31.5,1612812745.53433
176,0.163,30.5,0,31,1612812746.5914
177,0.163,30,0,31,1612812747.64857
178,0.163,30.5,0,31,1612812748.70543
179,0.163,30,0,31.5,1612812749.7636
180,0.163,30.5,0,31.5,1612812750.81939
181,0.163,30,0,31.5,1612812751.87554
182,0.163,30.5,0,31.5,1612812752.93484
183,0.163,30.5,0,31.5,1612812753.99618
184,0.163,30,0,31.5,1612812755.05028
185,0.163,30,0,31.5,1612812756.10865
186,0.163,30,0,31,1612812757.16493
187,0.163,30,0,31,1612812758.22493
188,0.163,30,0,31,1612812759.28375
189,0.163,30,0,31.5,1612812760.34432
190,0.163,30.5,0,31,1612812761.40098
191,0.163,30.5,0,31,1612812762.46082
192,0.163,30,0,31,1612812763.51914
193,0.163,30.5,0,31.5,1612812764.58062
194,0.163,30.5,0,31,1612812765.6399
195,0.163,30.5,0,31,1612812766.69731
196,0.163,30.5,0,31,1612812767.75962
197,0.163,30.5,0,31,1612812768.82018
198,0.163,30.5,0,31,1612812769.8754
199,0.163,30.5,0,31,1612812770.93415
200,0.163,30.5,0,31,1612812771.99424
201,0.163,30.5,0,31,1612812773.05201
202,0.163,30.5,0,31.5,1612812774.11045
203,0.163,30.5,0,31,1612812775.16751
204,0.163,30.5,0,31,1612812776.22159
205,0.163,31,0,31,1612812777.27908
206,0.163,30,0,31,1612812778.34846
207,0.163,30.5,0,31,1612812779.40793
208,0.163,30.5,0.04,29.5,1612812780.46396
209,0.163,30.5,0,31.5,1612812781.52166
210,0.163,30.5,0,31.5,1612812782.58617
211,0.163,30,0,31,1612812783.64331
212,0.163,30.5,0,31.5,1612812784.70084
213,0.163,30.5,0,31.5,1612812785.76221
214,0.163,30,0,31.5,1612812786.81895
215,0.163,30,0,31.5,1612812787.87676
216,0.163,30.5,0,31.5,1612812788.9319
217,0.163,30,0,31.5,1612812789.98996
218,0.163,30,0,31,1612812791.04852
219,0.163,30,0,31.5,1612812792.10526
220,0.163,30,0,31.5,1612812793.16353
221,0.163,30.5,0,31.5,1612812794.21821
222,0.163,30,0,31,1612812795.27653
223,0.163,30,0,31.5,1612812796.33155
224,0.163,30,0,31.5,1612812797.39306
225,0.163,30.5,0,31.5,1612812798.44866
226,0.163,30,0,31.5,1612812799.50484
227,0.163,30,0,31,1612812800.56124
228,0.163,30.5,0,31.5,1612812801.62156
229,0.163,30,0,31.5,1612812802.68108
230,0.163,30,0,31.5,1612812803.74029
231,0.163,30.5,0,31,1612812804.79768
232,0.163,30,0,31,1612812805.85486
233,0.163,30,0,32,1612812806.91631
234,0.163,30.5,0,31.5,1612812807.97326
235,0.163,30,0,31,1612812809.02773
236,0.163,30,0,31,1612812810.09289
237,0.163,30,0,31,1612812811.14794
238,0.163,30.5,0,31.5,1612812812.20503
239,0.163,30.5,0,31,1612812813.26094
240,0.163,30.5,0,31,1612812814.32121
241,0.163,30,0,31,1612812815.38027
242,0.163,30.5,0,31,1612812816.43646
243,0.163,30,0,31.5,1612812817.49619
244,0.204,30,0,31,1612812818.55061
245,0.163,30,0,31.5,1612812819.60777
246,0.163,30,0,31,1612812820.66758
247,0.163,30,0,31,1612812821.72402
248,0.122,30,0,31.5,1612812822.7798
249,0.163,30.5,0,31,1612812823.83716
250,0.163,30,0,31.5,1612812824.89301
251,0.163,30,0,31,1612812825.95235
252,0.163,30.5,0,31.5,1612812827.00691
253,0.163,30,0,31.5,1612812828.07038
254,0.163,30.5,0,31,1612812829.12809
255,0.244,30.5,0,31,1612812830.17947
256,0.163,30,0,31,1612812831.23699
257,0.163,30,0,31,1612812832.29448
258,0.204,30,0,31,1612812833.35544
259,0.163,30.5,0,31,1612812834.41251
260,0.163,30.5,0,31,1612812835.46841
261,0.163,30.5,0,31,1612812836.53261
262,0.163,30,0,31,1612812837.58853
263,0.163,30,0,31,1612812838.64629
264,0.163,30,0,31.5,1612812839.7085
265,0.163,30,0,31.5,1612812840.76549
266,0.163,30,0,31,1612812841.82731
267,0.163,30,0,31,1612812842.88651
268,0.163,30,0,31.5,1612812843.94111
269,0.163,30.5,0,31,1612812845.00049
270,0.163,30,0,31.5,1612812846.05913
271,0.163,30.5,0,31,1612812847.11558
272,0.163,30,0,31,1612812848.17946
273,0.163,30,0,31,1612812849.23769
274,0.163,30,0,31.5,1612812850.29756
275,0.163,30,0,31,1612812851.35404
276,0.163,30,0,31,1612812852.4174
277,0.163,29.5,0,31,1612812853.47192
278,0.163,30.5,0,31,1612812854.52961
279,0.163,30,0,31,1612812855.59291
280,0.163,30.5,0,31,1612812856.65309
281,0.163,30,0,31,1612812857.71135
282,0.163,30,0,31,1612812858.76989
283,0.163,30,0,31,1612812859.83306
284,0.163,30,0,31,1612812860.88471
285,0.163,30.5,0,31,1612812861.94103
286,0.163,29.5,0,31,1612812862.99921
287,0.163,30.5,0,30.5,1612812864.06146
288,0.163,30,0,31,1612812865.11636
289,0.163,30,0,31,1612812866.17139
290,0.163,30,0,31,1612812867.22883
291,0.163,30,0,31,1612812868.28286
292,0.163,30,0,31,1612812869.33987
293,0.163,30,0,31,1612812870.40457
294,0.163,30,0,31,1612812871.46043
295,0.163,30,0,31,1612812872.51489
296,0.931,31,0.162,29.5,1612812873.55208
297,0.931,31,0.162,29.5,1612812874.58987
298,0.931,31,0.162,30,1612812875.62747
299,0.931,30.5,0.162,29.5,1612812876.66499
300,0.891,31,0.162,29.5,1612812877.70269
301,0.891,31,0.162,29.5,1612812878.74056
302,0.891,31,0.162,29.5,1612812879.77789
303,0.931,31,0.161,29.5,1612812880.81531
304,0.891,31,0.162,29.5,1612812881.85355
305,0.891,31,0.162,29.5,1612812882.89133
306,1.053,30.5,0.081,29.5,1612812883.93109
307,0.972,31,0.283,29.5,1612812884.96999
308,0.164,30,0,31,1612812886.02718
309,0.164,30,0.04,29.5,1612812887.08891
310,0.164,30,0.04,29.5,1612812888.15251
311,0.164,29.5,0.04,29,1612812889.21256
312,0.327,30,0.163,29,1612812890.2525
313,0.164,30,0.04,29,1612812891.31612
314,0.164,30,0.04,29,1612812892.3828
315,0.205,30,0,29.5,1612812893.4289
316,0.164,30,0,31,1612812894.48855
317,0.164,30,0.04,29,1612812895.54285
318,0.164,30,0.04,29,1612812896.60563
319,0.164,30,0.04,29,1612812897.67235
320,0.163,29.5,0.122,29,1612812898.7308
321,0.164,30,0.04,29,1612812899.78812
322,0.164,30,0.04,29,1612812900.84593
323,0.286,30,0.081,29,1612812901.88509
324,0.164,30,0,31,1612812902.94125
325,0.164,30,0.04,29,1612812903.9977
326,0.164,30,0.04,28.5,1612812905.056
327,0.164,30,0.04,28.5,1612812906.11483
328,0.163,30,0.081,28.5,1612812907.17837
329,0.164,30,0.04,29,1612812908.23487
330,0.164,30,0.04,28.5,1612812909.29718
331,0.245,30,0.122,28.5,1612812910.34989
332,0.205,29.5,0,31,1612812911.40728
333,0.164,29.5,0,28.5,1612812912.46505
334,0.164,29.5,0.04,28.5,1612812913.52507
335,0.164,29.5,0.04,28.5,1612812914.59001
336,0.164,30,0.081,28.5,1612812915.64467
337,0.164,29.5,0.04,28.5,1612812916.70237
338,0.164,29.5,0.04,28.5,1612812917.76711
339,0.163,30,0.081,28.5,1612812918.82804
340,0.164,30,0,31,1612812919.88745
341,0.164,29.5,0,30.5,1612812920.94443
342,0.164,30,0.04,28.5,1612812921.99964
343,0.164,29.5,0.04,28.5,1612812923.05698
344,0.164,30,0.04,29,1612812924.11571
345,0.204,30,0.122,28.5,1612812925.16386
346,0.164,29.5,0.04,28.5,1612812926.23937
347,0.164,29.5,0.04,28.5,1612812927.30042
348,0.205,29.5,0.081,28.5,1612812928.3565
349,0.205,30,0,30.5,1612812929.41487
350,0.164,29.5,0.04,28,1612812930.47378
351,0.164,29.5,0.04,28.5,1612812931.53084
352,0.164,29.5,0.04,28,1612812932.59614
353,0.204,29,0.122,28.5,1612812933.66427
354,0.164,29,0.04,28,1612812934.7389
355,0.164,30,0.04,28,1612812935.79688
356,0.204,29.5,0.122,28.5,1612812936.84662
357,0.164,29,0,30,1612812937.89762
358,0.205,30,0,30,1612812938.96334
359,0.164,29.5,0.04,28.5,1612812940.02264
360,0.164,29.5,0.04,28,1612812941.07692
361,0.164,29,0.081,28,1612812942.13413
362,0.164,29,0.04,28,1612812943.1912
363,0.164,29,0.04,28.5,1612812944.25571
364,0.204,29,0.081,28,1612812945.31311
365,0.164,29,0,30.5,1612812946.36882
366,0.205,29,0,30.5,1612812947.42749
367,0.164,29,0.04,28,1612812948.4878
368,0.164,29.5,0.04,28,1612812949.54309
369,0.164,29,0.04,28.5,1612812950.60918
370,0.204,29,0.163,28,1612812951.657
371,0.164,29.5,0.04,28,1612812952.71638
372,0.164,29,0.081,28.5,1612812953.7729
373,0.164,29,0.04,28,1612812954.82897
374,0.205,29,0,30,1612812955.88457
375,0.164,29,0.04,28,1612812956.94108
376,0.164,29,0.04,28,1612812958.00508
377,0.164,29,0.04,28,1612812959.07301
378,0.204,29,0.122,28,1612812960.1251
379,0.164,29,0.04,28,1612812961.18327
380,0.164,28.5,0.04,28,1612812962.23872
381,0.286,29,0.081,28,1612812963.27755
382,0.164,28.5,0,29.5,1612812964.33636
383,0.164,29,0.04,28,1612812965.40124
384,0.164,29,0.04,28,1612812966.45688
385,0.164,28.5,0.04,27.5,1612812967.51802
386,0.204,28.5,0.081,28,1612812968.57144
387,0.164,28.5,0.04,28,1612812969.62852
388,0.164,28.5,0.04,28,1612812970.68769
389,0.245,28.5,0.122,28,1612812971.74561
390,0.164,29,0,30,1612812972.80256
391,0.164,29,0.04,27.5,1612812973.86598
392,0.164,28.5,0.04,28,1612812974.93246
393,0.164,28.5,0.04,28,1612812975.99216
394,0.164,29,0.081,27.5,1612812977.05197
395,0.164,29,0.04,28,1612812978.11158
396,0.164,28.5,0.04,27.5,1612812979.17424
397,0.204,28.5,0.081,27.5,1612812980.22366
398,0.164,29,0,29.5,1612812981.27944
399,0.164,28.5,0,29.5,1612812982.33208
400,0.164,28.5,0.04,28,1612812983.39315
401,0.164,28.5,0.04,27.5,1612812984.454
402,0.164,28.5,0.04,27.5,1612812985.50886
403,0.245,28,0.122,27.5,1612812986.56805
404,0.164,28.5,0.04,27.5,1612812987.63347
405,0.164,28.5,0.081,27.5,1612812988.69171
406,0.164,28.5,0,27.5,1612812989.74802
407,0.164,28.5,0,29,1612812990.80901
408,0.164,28.5,0.04,27.5,1612812991.87641
409,0.164,28.5,0.04,27.5,1612812992.93618
410,0.164,29,0.04,27.5,1612812993.99068
411,0.204,28.5,0.122,27.5,1612812995.05027
412,0.164,28.5,0.04,27.5,1612812996.11149
413,0.164,28,0.04,27,1612812997.17217
414,0.328,28.5,0.081,27.5,1612812998.21607
415,0.164,28.5,0,29.5,1612812999.27369
416,0.164,28,0.041,27.5,1612813000.32648
417,0.164,28.5,0.041,27.5,1612813001.38462
418,0.164,28,0.041,27.5,1612813002.44207
419,0.164,28.5,0.081,27.5,1612813003.50571
420,0.164,28.5,0.041,27,1612813004.55595
421,0.164,28,0.041,27.5,1612813005.616
422,0.328,28.5,0.081,27.5,1612813006.65644
423,0.164,28,0,29,1612813007.7254
424,0.164,28,0.041,27.5,1612813008.78741
425,0.164,28,0.041,27.5,1612813009.84734
426,0.164,28.5,0.041,27,1612813010.90957
427,0.164,28,0.082,27.5,1612813011.9718
428,0.164,28,0.041,27.5,1612813013.03199
429,0.164,28.5,0.041,27.5,1612813014.08798
430,0.205,28,0.122,27,1612813015.14538
431,0.164,28,0,29.5,1612813016.19812
432,0.164,28,0.041,29.5,1612813017.25715
433,0.164,28.5,0.041,27.5,1612813018.31271
434,0.164,28,0.041,27,1612813019.37271
435,0.205,28,0.082,27.5,1612813020.43487
436,0.164,28,0.081,27.5,1612813021.49197
437,0.205,28,0.04,27,1612813022.54881
438,0.205,28,0.081,27,1612813023.60661
439,0.164,28,0,29,1612813024.66314
440,0.164,28,0,29,1612813025.71938
441,0.164,28,0.041,27.5,1612813026.77658
442,0.164,28,0.041,27,1612813027.83725
443,0.164,28.5,0.041,27,1612813028.89348
444,0.205,28,0.122,27,1612813029.94849
445,0.164,28,0.041,27,1612813031.01397
446,0.164,28,0.082,27,1612813032.06859
447,0.164,28,0,27,1612813033.12933
448,0.164,28,0,29,1612813034.18909
449,0.164,28,0.041,26.5,1612813035.24666
450,0.164,28,0.041,26.5,1612813036.30317
451,0.164,28,0.041,27,1612813037.3706
452,0.205,28,0.122,27,1612813038.43629
453,0.164,27.5,0.041,27,1612813039.49947
454,0.205,28,0.04,27,1612813040.54488
455,0.287,28,0.081,27,1612813041.59286
456,0.164,28,0,29,1612813042.65215
457,0.164,27.5,0.041,27,1612813043.71105
458,0.164,27.5,0.041,27,1612813044.77222
459,0.164,28,0.041,27,1612813045.8282
460,0.164,28,0.122,26.5,1612813046.88341
461,0.164,28,0.041,27,1612813047.95074
462,0.164,28,0.041,27,1612813049.01212
463,0.245,28,0.122,27,1612813050.06898
464,0.164,28,0,28.5,1612813051.12879
465,0.164,28,0.041,26.5,1612813052.18623
466,0.164,28,0.041,27,1612813053.25176
467,0.164,27.5,0.041,26.5,1612813054.31363
468,0.164,28,0.082,26.5,1612813055.3718
469,0.164,27.5,0.041,27,1612813056.43072
470,0.164,28,0.041,26.5,1612813057.48985
471,0.246,28,0.081,27,1612813058.54713
472,0.164,28,0,28.5,1612813059.60359
473,0.164,28.5,0,28.5,1612813060.65831
474,0.164,28.5,0.041,27,1612813061.72211
475,0.164,28,0.041,27,1612813062.77932
476,0.164,27.5,0.041,26.5,1612813063.83555
477,0.246,27.5,0.081,26.5,1612813064.88864
478,0.164,27.5,0.041,26.5,1612813065.94527
479,0.205,27.5,0.082,26.5,1612813067.00676
480,0.164,27.5,0,26.5,1612813068.08255
481,0.164,27.5,0,28.5,1612813069.14348
482,0.164,27.5,0.041,26.5,1612813070.20489
483,0.164,27.5,0.041,26.5,1612813071.26403
484,0.164,28,0.041,27,1612813072.32484
485,0.205,27.5,0.122,26.5,1612813073.38573
486,0.164,27.5,0.041,26.5,1612813074.44167
487,0.246,27.5,0.04,26,1612813075.48985
488,0.287,27.5,0.081,26.5,1612813076.53957
489,0.164,27.5,0,28.5,1612813077.59664
490,0.164,27.5,0.041,26.5,1612813078.66531
491,0.164,27.5,0.041,26.5,1612813079.72897
492,0.164,27.5,0.041,27,1612813080.78887
493,0.164,27,0.082,26.5,1612813081.85693
494,0.164,27.5,0.041,27,1612813082.91572
495,0.164,27.5,0.041,26.5,1612813083.97915
496,0.205,27.5,0.081,26.5,1612813085.03368
497,0.164,27.5,0,28.5,1612813086.08876
498,0.164,27.5,0.041,28.5,1612813087.14763
499,0.164,27.5,0.041,26.5,1612813088.20189
500,0.164,27,0.041,26.5,1612813089.26072
501,0.164,27.5,0.082,26.5,1612813090.31845
502,0.164,27,0.041,26.5,1612813091.37524
503,0.164,27,0.041,26,1612813092.43183
504,0.205,27.5,0.081,26.5,1612813093.50143
505,0.164,27,0,28.5,1612813094.55837
506,0.164,27.5,0,28.5,1612813095.61958
507,0.164,27,0.041,26.5,1612813096.68068
508,0.205,27,0.041,26.5,1612813097.73872
509,0.164,27,0.041,26.5,1612813098.79592
510,0.205,27.5,0.122,26.5,1612813099.83961
511,0.164,27,0.041,26.5,1612813100.89955
512,0.164,27.5,0.082,26.5,1612813101.95671
513,0.164,27,0,26.5,1612813103.01816
514,0.164,27,0,28.5,1612813104.08348
515,0.164,27,0.041,26.5,1612813105.14348
516,0.164,27.5,0.041,26.5,1612813106.19909
517,0.164,27.5,0.041,26.5,1612813107.25457
518,0.164,27,0.122,26,1612813108.31794
519,0.164,27,0.041,26,1612813109.38933
520,0.164,27.5,0.041,26,1612813110.44042
521,0.287,27.5,0.122,26.5,1612813111.48858
522,0.164,27.5,0,28.5,1612813112.55365
523,0.164,27.5,0.041,26,1612813113.61691
524,0.164,27,0.04,26,1612813114.67335
525,0.205,27.5,0.041,26,1612813115.73307
526,0.164,27.5,0.082,26.5,1612813116.78815
527,0.164,27.5,0.041,26.5,1612813117.84794
528,0.164,27,0.041,26.5,1612813118.9077
529,0.205,27.5,0.122,26.5,1612813119.9611
530,0.164,27,0,28,1612813121.01485
531,0.164,27,0,28.5,1612813122.07622
532,0.164,27,0.041,26.5,1612813123.13145
533,0.164,27,0.041,26,1612813124.18762
534,0.164,27.5,0.082,26,1612813125.24937
535,0.164,27,0.041,26.5,1612813126.30664
536,0.164,27,0.041,26,1612813127.36678
537,0.205,27.5,0.081,26,1612813128.42417
538,0.164,27,0,28,1612813129.47906
539,0.164,27,0,28,1612813130.53481
540,0.164,27,0.041,26,1612813131.59806
541,0.164,27,0.041,26,1612813132.65681
542,0.164,27,0.041,26,1612813133.71606
543,0.205,27,0.163,26,1612813134.77861
544,0.164,27,0.041,26,1612813135.84068
545,0.164,27,0.082,26,1612813136.89919
546,0.164,27,0,26,1612813137.95697
547,0.164,27,0,28,1612813139.01115
548,0.164,27,0.041,25.5,1612813140.05871
549,0.164,27,0.041,26,1612813141.1184
550,0.164,27,0.041,26.5,1612813142.18123
551,0.204,27.5,0.122,26,1612813143.23677
552,0.164,27,0.041,26,1612813144.29089
553,0.164,27,0.041,26,1612813145.34827
554,0.164,27.5,0.04,26,1612813146.40656
555,0.164,27,0,28,1612813147.46597
556,0.164,26.5,0.041,26,1612813148.52118
557,0.164,27,0.041,26,1612813149.57934
558,0.246,27,0.04,26,1612813150.62535
559,0.204,27,0.122,26,1612813151.68595
560,0.123,27,0.041,26,1612813152.75347
561,0.164,27,0.041,26,1612813153.80958
562,0.287,27.5,0.081,26,1612813154.85893
563,0.164,27,0,28,1612813155.91266
564,0.164,26.5,0.041,26,1612813156.96607
565,0.164,27,0.041,26,1612813158.02209
566,0.164,27,0.041,25.5,1612813159.09028
567,0.164,27,0.082,25.5,1612813160.14478
568,0.164,27,0.041,26,1612813161.20433
569,0.164,27,0.041,26,1612813162.25963
570,0.287,27,0.122,25.5,1612813163.2969
571,0.164,26.5,0,27.5,1612813164.36084
572,0.164,27,0.041,25.5,1612813165.41915
573,0.164,27,0.041,26,1612813166.47658
574,0.164,27,0.041,26,1612813167.54083
575,0.164,27,0.082,25.5,1612813168.61143
576,0.205,27,0.041,26,1612813169.66049
577,0.205,27,0.041,26,1612813170.7111
578,0.245,26.5,0.122,25.5,1612813171.7638
579,0.164,26.5,0,27.5,1612813172.8209
580,0.164,27,0.041,25.5,1612813173.87681
581,0.164,26.5,0.041,26,1612813174.93426
582,0.164,27,0.041,25.5,1612813175.99454
583,0.164,27,0.082,26,1612813177.05182
584,0.164,26.5,0.041,26,1612813178.11089
585,0.164,26.5,0.041,25.5,1612813179.16359
586,0.246,26.5,0.081,25.5,1612813180.21667
587,0.164,27,0,28,1612813181.28884
588,0.164,26.5,0,27.5,1612813182.34389
589,0.164,27,0.041,26,1612813183.41519
590,0.164,26.5,0.041,26,1612813184.47863
591,0.164,27,0.041,26,1612813185.53663
592,0.205,26.5,0.122,26,1612813186.59228
593,0.164,26.5,0.041,26,1612813187.64887
594,0.164,26.5,0.041,25.5,1612813188.71076
595,0.164,26.5,0,25.5,1612813189.77478
596,0.164,27,0,28,1612813190.84074
597,0.164,26.5,0.041,26,1612813191.8969
598,0.164,27,0.041,25.5,1612813192.95256
599,0.164,26.5,0.041,25,1612813194.01086
600,0.205,27,0.122,25.5,1612813195.06381
601,0.164,27,0.041,25.5,1612813196.12838
602,0.164,26.5,0.041,25.5,1612813197.18482
603,0.287,27,0.081,25.5,1612813198.23885
604,0.164,26.5,0,27.5,1612813199.29977
605,0.205,26.5,0.081,26,1612813200.36138
606,0.164,26.5,0.041,25.5,1612813201.4149
607,0.164,26.5,0.041,25.5,1612813202.47883
608,0.164,27,0.081,26,1612813203.5362
609,0.164,26.5,0.041,25.5,1612813204.59686
610,0.164,26.5,0.041,25.5,1612813205.65238
611,0.246,26.5,0.081,25,1612813206.692
612,0.123,26.5,0,27.5,1612813207.75049
613,0.164,26.5,0.041,25.5,1612813208.80576
614,0.164,26.5,0.041,25.5,1612813209.86055
615,0.164,26,0.041,25.5,1612813210.93439
616,0.164,26,0.082,26,1612813211.99168
617,0.164,26.5,0.041,25,1612813213.05642
618,0.164,26.5,0.041,25.5,1612813214.11439
619,0.205,27,0.122,25.5,1612813215.17252
620,0.164,26.5,0,27.5,1612813216.23096
621,0.164,26.5,0,27.5,1612813217.29183
622,0.164,26.5,0.041,25.5,1612813218.34624
623,0.164,26.5,0.041,25.5,1612813219.40776
624,0.164,26.5,0.041,25.5,1612813220.46259
625,0.164,26.5,0.082,25.5,1612813221.51742
626,0.164,26.5,0.041,25.5,1612813222.57074
627,0.205,27,0.082,25.5,1612813223.62481
628,0.164,26,0,27,1612813224.68683
629,0.164,26,0,27,1612813225.7406
630,0.164,26.5,0.041,25.5,1612813226.79527
631,0.123,26,0.041,25.5,1612813227.85081
632,0.164,26.5,0.041,25.5,1612813228.90854
633,0.205,26.5,0.081,25,1612813229.96518
634,0.164,26.5,0.041,25.5,1612813231.01943
635,0.164,26.5,0.082,25.5,1612813232.08311
636,0.164,26,0,25,1612813233.14666
637,0.164,26,0,27.5,1612813234.20726
638,0.123,26.5,0.041,26,1612813235.26699
639,0.164,26,0.041,25.5,1612813236.32864
640,0.164,26,0.041,25.5,1612813237.38989
641,0.205,26.5,0.122,25,1612813238.44028
642,0.164,26,0.041,25,1612813239.50411
643,0.164,26.5,0.041,25,1612813240.55914
644,0.246,26.5,0.04,25.5,1612813241.60847
645,0.164,26,0,27,1612813242.66214
646,0.164,26,0.041,25,1612813243.71856
647,0.164,26,0.041,25.5,1612813244.77124
648,0.164,26.5,0.041,25,1612813245.8274
649,0.204,26,0.122,25.5,1612813246.86947
650,0.164,26.5,0.041,25,1612813247.92693
651,0.164,26,0.041,25,1612813248.98822
652,0.205,26.5,0.041,25,1612813250.03993
653,0.164,26,0,27,1612813251.09334
654,0.164,26.5,0.041,25,1612813252.15294
655,0.164,26,0.041,25,1612813253.21107
656,0.164,26.5,0.041,25,1612813254.26752
657,0.164,26,0.122,25,1612813255.31931
658,0.123,26.5,0.041,25,1612813256.38465
659,0.164,26.5,0.041,25,1612813257.43984
660,0.287,26.5,0.081,25,1612813258.48015
661,0.164,26.5,0,27,1612813259.53274
662,0.123,26.5,0.041,24.5,1612813260.58846
663,0.164,26,0.041,24.5,1612813261.65674
664,0.164,26,0.041,25,1612813262.70988
665,0.164,26,0.082,25.5,1612813263.76777
666,0.164,26.5,0.041,25,1612813264.8233
667,0.164,26,0.041,25,1612813265.88443
668,0.287,26,0.122,25,1612813266.93463
669,0.164,26,0,27,1612813267.99056
670,0.164,26,0.041,25,1612813269.04414
671,0.164,26.5,0.041,25,1612813270.10039
672,0.164,26,0.041,25,1612813271.16022
673,0.164,26.5,0.082,25,1612813272.2156
674,0.61,26.5,0.04,25,1612813273.25826
675,0.448,26,0.04,25.5,1612813274.30218
676,0.285,26.5,0.081,25,1612813275.34029
677,0.204,26,0,27.5,1612813276.39416
678,0.163,26.5,0.04,25,1612813277.45081
679,0.326,26.5,0.04,25,1612813278.49558
680,0.122,26,0,27,1612813279.5518
681,0.73,27,0.324,25.5,1612813280.58829
682,0.849,27,0.323,25.5,1612813281.62443
683,0.732,26.5,0.04,25,1612813282.65834
